developer_name,folder_category,source_file,source_format,file_size_kb,records_extracted_count,extraction_engines_used,status
99 Tech Park - HSR Extension,99 Tech Park - HSR Extension,99 Tech Park - HSR Extension\99TECH PARK BROCHURE_MR. SRINIVASULU.pdf,PDF_NATIVE,149482.57,4,"PDF Text Analysis (Pg 2), PDF Text Analysis (Pg 4), PDF Text Analysis (Pg 5), PDF Text Analysis (Pg 7)",100% EXTRACTED
Adarsh Developers,Adarsh Developers,Adarsh Developers\Adarsh Eco Place — Whitefield EPIP Pitch Deck with Vacancy Details .pdf,PDF_NATIVE,4626.59,3,"PDF Text Analysis (Pg 2), PDF Text Analysis (Pg 4), PDF Text Analysis (Pg 6)",100% EXTRACTED
Adarsh Developers,Adarsh Developers,"Adarsh Developers\Adarsh GEM, Lakeside Offices behind EcoWorld, ORR .pdf",PDF_NATIVE,3506.38,2,"PDF Text Analysis (Pg 3), PDF Text Analysis (Pg 7)",100% EXTRACTED
Bagmane Group,Bagmane Group,Bagmane Group\Bagmane Availability List July 2026.pdf,PDF_NATIVE,9537.61,23,"PDF Table (Pg 5), PDF Table (Pg 8), PDF Table (Pg 9), PDF Text Analysis (Pg 22), PDF Text Analysis (Pg 24), PDF Text Analysis (Pg 28)",100% EXTRACTED
Bhartiya City,Bhartiya City,Bhartiya City\Availability @ Bhartiya_BCIT_July 2026.pdf,PDF_NATIVE,2948.39,20,"PDF Table (Pg 2), PDF Table (Pg 3), PDF Text Analysis (Pg 6)",100% EXTRACTED
Bhartiya City,Bhartiya City,Bhartiya City\Bhartiya Converge_Managed Office_Corporate Profile_July.pdf,PDF_NATIVE,5507.1,5,"PDF Table (Pg 3), PDF Text Analysis (Pg 11), PDF Text Analysis (Pg 2)",100% EXTRACTED
Bhoruka Tech Park,Bhoruka Tech Park,Bhoruka Tech Park\Bhoruka Tech Park Building 2 Presentation (1).pdf,PDF_NATIVE,15194.6,10,"PDF Text Analysis (Pg 2), PDF Text Analysis (Pg 44), PDF Text Analysis (Pg 45), PDF Text Analysis (Pg 46), PDF Text Analysis (Pg 47), PDF Text Analysis (Pg 48), PDF Text Analysis (Pg 49), PDF Text Analysis (Pg 50), PDF Text Analysis (Pg 51), PDF Text Analysis (Pg 9)",100% EXTRACTED
Bhoruka Tech Park,Bhoruka Tech Park,Bhoruka Tech Park\Bhoruka Tech Park Building 2 Presentation.pdf,PDF_NATIVE,15194.6,10,"PDF Text Analysis (Pg 2), PDF Text Analysis (Pg 44), PDF Text Analysis (Pg 45), PDF Text Analysis (Pg 46), PDF Text Analysis (Pg 47), PDF Text Analysis (Pg 48), PDF Text Analysis (Pg 49), PDF Text Analysis (Pg 50), PDF Text Analysis (Pg 51), PDF Text Analysis (Pg 9)",100% EXTRACTED
Bhoruka Tech Park,Bhoruka Tech Park,Bhoruka Tech Park\Bhoruka Tech Park Quote.pdf,PDF_NATIVE,271.74,18,PDF Table (Pg 1),100% EXTRACTED
Bhoruka Tech Park,Bhoruka Tech Park,Bhoruka Tech Park\Bhoruka Tech park.pdf,PDF_NATIVE,20099.8,10,"PDF Text Analysis (Pg 10), PDF Text Analysis (Pg 2), PDF Text Analysis (Pg 34), PDF Text Analysis (Pg 35), PDF Text Analysis (Pg 36), PDF Text Analysis (Pg 37), PDF Text Analysis (Pg 38), PDF Text Analysis (Pg 39), PDF Text Analysis (Pg 40), PDF Text Analysis (Pg 42)",100% EXTRACTED
Brigade Group,Brigade Group,Brigade Group\Brigade Commercial Availability Chart - June.pdf,PDF_NATIVE,1809.82,1,PDF Text Analysis (Pg 13),100% EXTRACTED
Brookfield,Brookfield,Brookfield\BP_BCIT_Occupancy Solution_July_26 .pdf,PDF_NATIVE,17751.0,8,"PDF Text Analysis (Pg 13), PDF Text Analysis (Pg 3), PDF Text Analysis (Pg 4), PDF Text Analysis (Pg 40), PDF Text Analysis (Pg 41), PDF Text Analysis (Pg 42), PDF Text Analysis (Pg 5), PDF Text Analysis (Pg 9)",100% EXTRACTED
Brookfield,Brookfield,Brookfield\Brookfield - Coming up.xlsx,XLSX,7.87,1,Excel Table (Sheet1),100% EXTRACTED
Brookfield,Brookfield,Brookfield\Brookfield Properties - Whitefiled Bangalore Availability -July 2026 (1).pdf,PDF_NATIVE,993.42,1,PDF Inventory Record,100% EXTRACTED
Brookfield,Brookfield,Brookfield\Ecoworld Office Space Availability Report_July 2026.pdf,PDF_NATIVE,526.2,1,PDF Inventory Record,100% EXTRACTED
Brookfield,Brookfield,Brookfield\Northstar_Solutioning Deck I Brookfield Properties.pdf,PDF_NATIVE,2337.66,1,PDF Text Analysis (Pg 2),100% EXTRACTED
Capita Land Investment,Capita Land Investment,Capita Land Investment\CLI-Office Availabilty Report_June2026 (1).pdf,PDF_NATIVE,723.82,18,"PDF Table (Pg 3), PDF Table (Pg 4), PDF Table (Pg 5)",100% EXTRACTED
Capita Land Investment,Capita Land Investment,Capita Land Investment\WhatsApp Image 2026-08-06 at 5.06.26 PM (1).jpeg,IMAGE,95.28,22,Tesseract OCR Image,100% EXTRACTED
Capita Land Investment,Capita Land Investment,Capita Land Investment\WhatsApp Image 2026-08-06 at 5.06.26 PM.jpeg,IMAGE,125.91,15,Tesseract OCR Image,100% EXTRACTED
Century Real Estate,Century Real Estate,Century Real Estate\July 2026.xlsx,XLSX,12.12,16,Excel Table (Sheet1),100% EXTRACTED
DNR Altitude,DNR Altitude (Hines.com),DNR Altitude (Hines.com)\Altitude_Deck low_res (1).pdf,PDF_SCANNED,16695.26,5,"Tesseract OCR Scanned PDF (Pg 1), Tesseract OCR Scanned PDF (Pg 2), Tesseract OCR Scanned PDF (Pg 3), Tesseract OCR Scanned PDF (Pg 4), Tesseract OCR Scanned PDF (Pg 5)",100% EXTRACTED
DNR Altitude,DNR Altitude (Hines.com),DNR Altitude (Hines.com)\Altitude_Deck low_res.pdf,PDF_SCANNED,16695.26,5,"Tesseract OCR Scanned PDF (Pg 1), Tesseract OCR Scanned PDF (Pg 2), Tesseract OCR Scanned PDF (Pg 3), Tesseract OCR Scanned PDF (Pg 4), Tesseract OCR Scanned PDF (Pg 5)",100% EXTRACTED
DivyaSree Developers,DivyaSree Developers,DivyaSree Developers\DivyaSree Bangalore Availability - July 2026.pdf,PDF_NATIVE,4949.32,5,"PDF Text Analysis (Pg 11), PDF Text Analysis (Pg 16), PDF Text Analysis (Pg 18), PDF Text Analysis (Pg 2), PDF Text Analysis (Pg 8)",100% EXTRACTED
E-City,E-City,E-City\Harita IT Park E-City\Harita IT Park E-City.pdf,PDF_SCANNED,10761.96,5,"Tesseract OCR Scanned PDF (Pg 1), Tesseract OCR Scanned PDF (Pg 2), Tesseract OCR Scanned PDF (Pg 3), Tesseract OCR Scanned PDF (Pg 4), Tesseract OCR Scanned PDF (Pg 5)",100% EXTRACTED
E-City,E-City,E-City\Velankani Tech Park E-City\2257b90d11b14a33a655529b9008582e.pdf,PDF_NATIVE,5548.22,26,"PDF Table (Pg 4), PDF Table (Pg 9), PDF Text Analysis (Pg 1), PDF Text Analysis (Pg 7)",100% EXTRACTED
E-City,E-City,E-City\Velankani Tech Park E-City\BLOCK 2 @ VELANKANI TECH PARK - 03JUNE2026.pdf,PDF_NATIVE,2345.98,12,"PDF Table (Pg 4), PDF Text Analysis (Pg 1), PDF Text Analysis (Pg 18), PDF Text Analysis (Pg 7)",100% EXTRACTED
E-City,E-City,E-City\Velankani Tech Park E-City\Tower Building @ Velankani Tech Park - 28072026.pdf,PDF_NATIVE,5548.22,26,"PDF Table (Pg 4), PDF Table (Pg 9), PDF Text Analysis (Pg 1), PDF Text Analysis (Pg 7)",100% EXTRACTED
Embassy Group,Embassy Group,Embassy Group\Embassy - EGL - IRR\Workplace Solution - F5 EGL.pdf,PDF_NATIVE,15517.36,11,"PDF Table (Pg 22), PDF Text Analysis (Pg 3)",100% EXTRACTED
Embassy Group,Embassy Group,Embassy Group\Embassy Developments Limited - Availability - May 2026.pdf,PDF_NATIVE,1698.36,6,"PDF Text Analysis (Pg 2), PDF Text Analysis (Pg 5), PDF Text Analysis (Pg 6), PDF Text Analysis (Pg 7), PDF Text Analysis (Pg 8), PDF Text Analysis (Pg 9)",100% EXTRACTED
Embassy Group,Embassy Group,Embassy Group\Embassy Office Parks Availability Jun-26.pdf,PDF_NATIVE,4562.24,37,"PDF Table (Pg 3), PDF Table (Pg 4), PDF Table (Pg 7), PDF Text Analysis (Pg 11), PDF Text Analysis (Pg 17), PDF Text Analysis (Pg 18), PDF Text Analysis (Pg 19), PDF Text Analysis (Pg 2), PDF Text Analysis (Pg 20), PDF Text Analysis (Pg 6)",100% EXTRACTED
Embassy Group,Embassy Group,Embassy Group\Workplace Solution - F5 EGL.pdf,PDF_NATIVE,15517.36,11,"PDF Table (Pg 22), PDF Text Analysis (Pg 3)",100% EXTRACTED
Featherlite Developers,Featherlite Developers,Featherlite Developers\Featherlite_Developers_Availability_June_2026.pdf,PDF_NATIVE,397.11,1,PDF Text Analysis (Pg 1),100% EXTRACTED
Godrej Properties,Godrej Properties,Godrej Properties\Godrej Indiranagar_Brochure_9 April _26.pdf,PDF_NATIVE,8452.8,10,"PDF Table (Pg 13), PDF Table (Pg 14), PDF Table (Pg 9), PDF Text Analysis (Pg 22), PDF Text Analysis (Pg 7)",100% EXTRACTED
Gopalan Enterprises,Gopalan Enterprises,Gopalan Enterprises\WORKSPACE INVENTORY PRESENTATION - AUGUST 2026 (1).pdf,PDF_SCANNED,13186.43,5,"Tesseract OCR Scanned PDF (Pg 1), Tesseract OCR Scanned PDF (Pg 2), Tesseract OCR Scanned PDF (Pg 3), Tesseract OCR Scanned PDF (Pg 4), Tesseract OCR Scanned PDF (Pg 5)",100% EXTRACTED
Gopalan Enterprises,Gopalan Enterprises,Gopalan Enterprises\WORKSPACE INVENTORY PRESENTATION - JULY 2026 K.pdf,PDF_NATIVE,1809.44,10,"PDF Table (Pg 3), PDF Table (Pg 4), PDF Table (Pg 5), PDF Text Analysis (Pg 9)",100% EXTRACTED
HM Group,HM Group,HM Group\HM Commercial Availability - July 2026.pdf,PDF_NATIVE,220.56,9,"PDF Table (Pg 2), PDF Text Analysis (Pg 1)",100% EXTRACTED
Indospace_South,Indospace_South,Indospace_South\Indospace_South I_August 2026 ( Inventory) .pdf,PDF_NATIVE,3236.45,11,"PDF Table (Pg 4), PDF Text Analysis (Pg 12), PDF Text Analysis (Pg 3), PDF Text Analysis (Pg 5), PDF Text Analysis (Pg 7)",100% EXTRACTED
Indraprastha Shelters Pvt. Ltd,Indraprastha Shelters Pvt. Ltd,Indraprastha Shelters Pvt. Ltd\Indraprastha Equinox 15000 sft 1st floor fully furnished ppt.pptx,PPTX,3195.92,13,"PPTX Table (Slide 8), PPTX Table (Slide 9)",100% EXTRACTED
Indraprastha Shelters Pvt. Ltd,Indraprastha Shelters Pvt. Ltd,Indraprastha Shelters Pvt. Ltd\Indraprastha Equinox 15000 sft 3rd floor fully furnished.pdf,PDF_SCANNED,650.08,1,Tesseract OCR Scanned PDF (Pg 1),100% EXTRACTED
Indraprastha Shelters Pvt. Ltd,Indraprastha Shelters Pvt. Ltd,Indraprastha Shelters Pvt. Ltd\Indraprastha Equinox 6000 sft 2nd floor fully furnished ppt.pptx,PPTX,3502.06,13,"PPTX Table (Slide 8), PPTX Table (Slide 9)",100% EXTRACTED
Indraprastha Shelters Pvt. Ltd,Indraprastha Shelters Pvt. Ltd,Indraprastha Shelters Pvt. Ltd\Indraprastha Equinox 9000 sft 2nd floor fully furnished ppt.pptx,PPTX,7140.79,13,"PPTX Table (Slide 8), PPTX Table (Slide 9)",100% EXTRACTED
K Raheja Corp,K Raheja Corp (Cignus),K Raheja Corp (Cignus)\Availability - June_26.pdf,PDF_NATIVE,2743.49,14,PDF Table (Pg 3),100% EXTRACTED
K Raheja Corp,K Raheja Corp (Cignus),K Raheja Corp (Cignus)\Cignus Koramangala.pdf,PDF_NATIVE,770.13,1,PDF Text Analysis (Pg 7),100% EXTRACTED
K Raheja Corp,K Raheja Corp (Cignus),"K Raheja Corp (Cignus)\Cignus, Whitefield.pdf",PDF_NATIVE,2221.63,17,"PDF Table (Pg 3), PDF Table (Pg 5), PDF Text Analysis (Pg 4), PDF Text Analysis (Pg 7)",100% EXTRACTED
Kalyani Developers,Kalyani Developers,"Kalyani Developers\August 2026 Kalyani Developers - Bangalore  Hyderabad--Availability Conventional , Managed Space  Industrial.xlsx",XLSX,36.37,20,"Excel Transposed Matrix (Industrial 2026), Excel Transposed Matrix (Managed Office -2026), Excel Transposed Matrix (Warmshell&Furnished-2026)",100% EXTRACTED
Kalyani Developers,Kalyani Developers,"Kalyani Developers\July 2026 Kalyani Developers - Bangalore & Hyderabad--Availability Conventional , Managed Space & Industrial.xlsx",XLSX,35.41,18,"Excel Transposed Matrix (Industrial 2026), Excel Transposed Matrix (Managed Office -2026), Excel Transposed Matrix (Warmshell&Furnished-2026)",100% EXTRACTED
Nitesh Estates,Nitesh Estates,Nitesh Estates\July 2026.xlsx,XLSX,9.56,2,Excel Transposed Matrix (Sheet1),100% EXTRACTED
Park Square whitefield,Park Square whitefield,Park Square whitefield\WhatsApp Image 2026-08-05 at 1.37.45 PM.jpeg,IMAGE,224.9,16,Tesseract OCR Image,100% EXTRACTED
Phoenix Mills,Phoenix Mills,Phoenix Mills\WhatsApp Image 2026-07-17 at 3.18.58 PM.jpeg,IMAGE,77.39,18,Tesseract OCR Image,100% EXTRACTED
Prestige Bangalore Office,Prestige Bangalore Office,Prestige Bangalore Office\Prestige Bangalore Office Availability - July 2026.pdf,PDF_NATIVE,2557.72,32,"PDF Table (Pg 4), PDF Table (Pg 5), PDF Table (Pg 6), PDF Text Analysis (Pg 10), PDF Text Analysis (Pg 11), PDF Text Analysis (Pg 12), PDF Text Analysis (Pg 14), PDF Text Analysis (Pg 15), PDF Text Analysis (Pg 16), PDF Text Analysis (Pg 17), PDF Text Analysis (Pg 18), PDF Text Analysis (Pg 20), PDF Text Analysis (Pg 21), PDF Text Analysis (Pg 23), PDF Text Analysis (Pg 25), PDF Text Analysis (Pg 3), PDF Text Analysis (Pg 7), PDF Text Analysis (Pg 8)",100% EXTRACTED
Prestige Group,Prestige Group,Prestige Group\Prestige Bangalore Office Availability - July 2026.pdf,PDF_NATIVE,2557.72,32,"PDF Table (Pg 4), PDF Table (Pg 5), PDF Table (Pg 6), PDF Text Analysis (Pg 10), PDF Text Analysis (Pg 11), PDF Text Analysis (Pg 12), PDF Text Analysis (Pg 14), PDF Text Analysis (Pg 15), PDF Text Analysis (Pg 16), PDF Text Analysis (Pg 17), PDF Text Analysis (Pg 18), PDF Text Analysis (Pg 20), PDF Text Analysis (Pg 21), PDF Text Analysis (Pg 23), PDF Text Analysis (Pg 25), PDF Text Analysis (Pg 3), PDF Text Analysis (Pg 7), PDF Text Analysis (Pg 8)",100% EXTRACTED
Prestige Group,Prestige Group,Prestige Group\Prestige Tech Cloud - proposal Altus Block - 09.06.2026.pdf,PDF_NATIVE,23191.53,15,"PDF Table (Pg 32), PDF Table (Pg 4), PDF Text Analysis (Pg 26), PDF Text Analysis (Pg 27), PDF Text Analysis (Pg 28), PDF Text Analysis (Pg 9)",100% EXTRACTED
Puravankara Commercial,Puravankara Commercial,Puravankara Commercial\July Availability.pdf,PDF_NATIVE,453.92,1,PDF Text Analysis (Pg 1),100% EXTRACTED
RMZ Corp,RMZ Corp,RMZ Corp\Commercial Proposal - RMZ Ecoworld 20.pdf,PDF_NATIVE,300.78,40,PDF Table (Pg 1),100% EXTRACTED
RMZ Corp,RMZ Corp,RMZ Corp\RMZ Corp.JPG,IMAGE,45.55,16,Tesseract OCR Image,100% EXTRACTED
RMZ Corp,RMZ Corp,RMZ Corp\RMZ Ecoworld 20 and 30_Overview.pdf,PDF_NATIVE,10181.1,3,"PDF Text Analysis (Pg 13), PDF Text Analysis (Pg 5), PDF Text Analysis (Pg 8)",100% EXTRACTED
SLK Green Group Corporate Real Estate & Infrastructure Arm  Amin Properties LLP,SLK Green Group Corporate Real Estate & Infrastructure Arm  Amin Properties LLP,SLK Green Group Corporate Real Estate & Infrastructure Arm  Amin Properties LLP\Assets - SLK Group - Details.pdf,PDF_NATIVE,177.57,62,PDF Table (Pg 1),100% EXTRACTED
SLK Green Group Corporate Real Estate & Infrastructure Arm  Amin Properties LLP,SLK Green Group Corporate Real Estate & Infrastructure Arm  Amin Properties LLP,SLK Green Group Corporate Real Estate & Infrastructure Arm  Amin Properties LLP\F P1.jpg,IMAGE,663.09,119,Tesseract OCR Image,100% EXTRACTED
SLK Green Group Corporate Real Estate & Infrastructure Arm  Amin Properties LLP,SLK Green Group Corporate Real Estate & Infrastructure Arm  Amin Properties LLP,SLK Green Group Corporate Real Estate & Infrastructure Arm  Amin Properties LLP\F P2.jpg,IMAGE,651.2,68,Tesseract OCR Image,100% EXTRACTED
SLK Green Group Corporate Real Estate & Infrastructure Arm  Amin Properties LLP,SLK Green Group Corporate Real Estate & Infrastructure Arm  Amin Properties LLP,SLK Green Group Corporate Real Estate & Infrastructure Arm  Amin Properties LLP\F P3.jpg,IMAGE,601.7,72,Tesseract OCR Image,100% EXTRACTED
SLK Green Group Corporate Real Estate & Infrastructure Arm  Amin Properties LLP,SLK Green Group Corporate Real Estate & Infrastructure Arm  Amin Properties LLP,SLK Green Group Corporate Real Estate & Infrastructure Arm  Amin Properties LLP\SLK Green Park - Campus Devanahalli Bengaluru.pdf,PDF_NATIVE,5252.6,2,"PDF Text Analysis (Pg 8), PDF Text Analysis (Pg 9)",100% EXTRACTED
SLK Green Group Corporate Real Estate & Infrastructure Arm  Amin Properties LLP,SLK Green Group Corporate Real Estate & Infrastructure Arm  Amin Properties LLP,SLK Green Group Corporate Real Estate & Infrastructure Arm  Amin Properties LLP\SLK Green Park Asset - Amin Properties LLP.pdf,PDF_NATIVE,176.3,60,"PDF Table (Pg 1), PDF Table (Pg 2)",100% EXTRACTED
Sattva Group,Sattva Group (Salarpuria Sattva),Sattva Group (Salarpuria Sattva)\Sattva Commercial Lease Inventory List _June_26.pdf,PDF_NATIVE,441.46,1,PDF Inventory Record,100% EXTRACTED
Sattva Group,Sattva Group (Salarpuria Sattva),Sattva Group (Salarpuria Sattva)\Sattva Commercial Sale Inventory List _June26.pdf,PDF_NATIVE,426.15,1,PDF Inventory Record,100% EXTRACTED
Sattva Group,Sattva Group (Salarpuria Sattva),Sattva Group (Salarpuria Sattva)\Sattva_Commercial Space Availability - June26.pdf,PDF_NATIVE,8790.38,14,"PDF Table (Pg 5), PDF Table (Pg 6), PDF Table (Pg 7), PDF Text Analysis (Pg 2)",100% EXTRACTED
Skav Group,Skav Group,Skav Group\July  2026 Comm Inventory.pdf,PDF_NATIVE,4789.7,34,"PDF Table (Pg 3), PDF Table (Pg 5), PDF Table (Pg 6), PDF Text Analysis (Pg 10), PDF Text Analysis (Pg 7), PDF Text Analysis (Pg 8), PDF Text Analysis (Pg 9)",100% EXTRACTED
Sobha Limited,Sobha Limited,Sobha Limited\Arcadia_FoodHall_Lwres_Presentation_02.03.26.pdf,PDF_NATIVE,7833.52,31,"PDF Table (Pg 4), PDF Table (Pg 5), PDF Text Analysis (Pg 2)",100% EXTRACTED
Sobha Limited,Sobha Limited,Sobha Limited\FOOD HALL at SOBHA ARCADIA.pdf,PDF_NATIVE,1088.05,1,PDF Text Analysis (Pg 1),100% EXTRACTED
Sobha Limited,Sobha Limited,Sobha Limited\Sobha Arcadia Rent Card 04032026.pdf,PDF_NATIVE,19.38,1,PDF Inventory Record,100% EXTRACTED
Umiya Group,Umiya Group,Umiya Group\Commercial Availability List July 2026  UMIYA GROUP.pdf,PDF_NATIVE,180.36,16,PDF Table (Pg 1),100% EXTRACTED
Vaishnavi Group,Vaishnavi Group,Vaishnavi Group\Senate Commercials.pdf,PDF_NATIVE,63.6,8,PDF Table (Pg 1),100% EXTRACTED
Vaishnavi Group,Vaishnavi Group,Vaishnavi Group\Vaishnavi BVS Senate  IM.pdf,PDF_NATIVE,4310.49,1,PDF Text Analysis (Pg 2),100% EXTRACTED
Vaswani Group,Vaswani Group,Vaswani Group\OFFICE_SPACE_@_Vaswani_Centropolis 2.pdf,PDF_SCANNED,2355.21,5,"Tesseract OCR Scanned PDF (Pg 1), Tesseract OCR Scanned PDF (Pg 2), Tesseract OCR Scanned PDF (Pg 3), Tesseract OCR Scanned PDF (Pg 4), Tesseract OCR Scanned PDF (Pg 5)",100% EXTRACTED
